,graphFlag,deviation,size,duration
6,0.0,5.0,3.0,1530.0
11,0.0,5.0,3.0,1206.0
12,0.0,5.0,3.0,1496.0
35,0.0,5.0,3.0,1300.0
51,0.0,5.0,3.0,1307.0
77,0.0,5.0,3.0,1172.0
79,0.0,5.0,3.0,929.0
107,0.0,5.0,3.0,1063.0
108,0.0,5.0,3.0,1031.0
113,0.0,5.0,3.0,962.0
123,0.0,5.0,3.0,1430.462999989104
134,0.0,5.0,3.0,982.6239999870596
141,0.0,5.0,3.0,1321.7029999933438
143,0.0,5.0,3.0,1361.5599999933038
178,0.0,5.0,3.0,1486.7129999898607
190,0.0,5.0,3.0,1388.884999999951
196,0.0,5.0,3.0,1613.1819999999425
201,0.0,5.0,3.0,826.0139999999665
218,0.0,5.0,3.0,1139.1040000000503
232,0.0,5.0,3.0,1117.663000000059
255,0.0,5.0,3.0,1334.6300000000338
262,0.0,5.0,3.0,823.466000000044
263,0.0,5.0,3.0,1188.015999999945
270,0.0,5.0,3.0,1575.6330000000016
292,0.0,5.0,3.0,1162.436000000016
311,0.0,5.0,3.0,1209.0
313,0.0,5.0,3.0,1942.0
316,0.0,5.0,3.0,1513.0
340,0.0,5.0,3.0,2509.0
343,0.0,5.0,3.0,881.0
379,0.0,5.0,3.0,1153.1560000059544
382,0.0,5.0,3.0,1141.5150000029826
400,0.0,5.0,3.0,1317.7770000029705
403,0.0,5.0,3.0,1116.8819999970146
408,0.0,5.0,3.0,966.5560000030092
421,0.0,5.0,3.0,1123.0
436,0.0,5.0,3.0,1195.0
441,0.0,5.0,3.0,1299.0
455,0.0,5.0,3.0,1085.0
468,0.0,5.0,3.0,1215.0
495,0.0,5.0,3.0,1069.0
497,0.0,5.0,3.0,1145.0
507,0.0,5.0,3.0,967.0
520,0.0,5.0,3.0,1529.0
523,0.0,5.0,3.0,911.0
540,0.0,5.0,3.0,1164.0
549,0.0,5.0,3.0,1310.0
555,0.0,5.0,3.0,1229.000000000029
564,0.0,5.0,3.0,1002.0
586,0.0,5.0,3.0,1469.0
601,0.0,5.0,3.0,1258.7529999955295
603,0.0,5.0,3.0,1680.1140000000014
624,0.0,5.0,3.0,1253.1519999970333
640,0.0,5.0,3.0,1094.4240000014834
644,0.0,5.0,3.0,1037.6529999970226
687,0.0,5.0,3.0,1552.0
690,0.0,5.0,3.0,1115.0
695,0.0,5.0,3.0,1274.0
696,0.0,5.0,3.0,1055.0
715,0.0,5.0,3.0,1484.0
758,0.0,5.0,3.0,1131.0
760,0.0,5.0,3.0,1334.999999999971
767,0.0,5.0,3.0,1083.0
771,0.0,5.0,3.0,893.0
778,0.0,5.0,3.0,988.0
800,0.0,5.0,3.0,799.4700000000594
804,0.0,5.0,3.0,1581.6819999999134
817,0.0,5.0,3.0,1541.8219999999274
832,0.0,5.0,3.0,1322.7150000000256
835,0.0,5.0,3.0,1096.6020000000717
856,0.0,5.0,3.0,1238.0029999992694
860,0.0,5.0,3.0,1013.2479999966454
865,0.0,5.0,3.0,971.1120000075024
873,0.0,5.0,3.0,1437.656000004907
882,0.0,5.0,3.0,1199.8420000073093
902,0.0,5.0,3.0,2780.0
918,0.0,5.0,3.0,1136.0
921,0.0,5.0,3.0,1723.0
925,0.0,5.0,3.0,1800.0
928,0.0,5.0,3.0,1249.0
988,0.0,5.0,3.0,931.8580000240764
989,0.0,5.0,3.0,1167.2800000174902
997,0.0,5.0,3.0,839.3320000235981
1001,0.0,5.0,3.0,1821.4500000312985
1009,0.0,5.0,3.0,1135.3330000332207
1031,0.0,5.0,3.0,1164.604
1044,0.0,5.0,3.0,1593.887
1065,0.0,5.0,3.0,1629.045
1068,0.0,5.0,3.0,1118.462
1079,0.0,5.0,3.0,1721.102
1084,0.0,5.0,3.0,1062.926
1107,0.0,5.0,3.0,1472.384
1121,0.0,5.0,3.0,1419.096
1123,0.0,5.0,3.0,1514.709
1131,0.0,5.0,3.0,1962.056
1149,0.0,5.0,3.0,1933.3539999978748
1153,0.0,5.0,3.0,1384.8540000320718
1156,0.0,5.0,3.0,1418.254999985962
1188,0.0,5.0,3.0,1375.827999995876
1190,0.0,5.0,3.0,1267.5330000208342
1209,0.0,5.0,3.0,1489.2779999985069
1235,0.0,5.0,3.0,1165.5119999970193
1239,0.0,5.0,3.0,1118.7739999940386
1253,0.0,5.0,3.0,980.0929999955116
1255,0.0,5.0,3.0,2403.023999999976
1261,0.0,5.0,3.0,1354.1789999826506
1293,0.0,5.0,3.0,1192.0989999806625
1295,0.0,5.0,3.0,1267.3919999841746
1303,0.0,5.0,3.0,1517.943999997835
1304,0.0,5.0,3.0,1014.1319999868864
1320,0.0,5.0,3.0,1930.818000000756
1337,0.0,5.0,3.0,1307.5550000003714
1338,0.0,5.0,3.0,1139.670000001497
1360,0.0,5.0,3.0,1157.7290000014764
1370,0.0,5.0,3.0,1174.0420000000158
1384,0.0,5.0,3.0,1610.3050000000512
1406,0.0,5.0,3.0,1385.9230000000098
1407,0.0,5.0,3.0,1081.141000000178
1415,0.0,5.0,3.0,1792.3590000002296
1418,0.0,5.0,3.0,1218.5430000001215
1446,0.0,5.0,3.0,1413.7890000473851
1447,0.0,5.0,3.0,1531.5429999356274
1449,0.0,5.0,3.0,1547.8080000783084
1489,0.0,5.0,3.0,1304.349999932805
1498,0.0,5.0,3.0,1546.2739999855405
2,0.0,5.0,5.0,2473.0000000000146
25,0.0,5.0,5.0,3007.0
32,0.0,5.0,5.0,1530.0
47,0.0,5.0,5.0,1635.0
58,0.0,5.0,5.0,1527.0
73,0.0,5.0,5.0,1948.0
89,0.0,5.0,5.0,1846.0
90,0.0,5.0,5.0,1523.0
106,0.0,5.0,5.0,1575.000000000029
112,0.0,5.0,5.0,1802.0
124,0.0,5.0,5.0,1890.697999991069
133,0.0,5.0,5.0,1306.7639999909152
136,0.0,5.0,5.0,2678.31599999679
174,0.0,5.0,5.0,1463.5519999995013
177,0.0,5.0,5.0,1084.6630000007572
180,0.0,5.0,5.0,1415.938999999984
211,0.0,5.0,5.0,1519.726000000053
226,0.0,5.0,5.0,1873.582000000053
227,0.0,5.0,5.0,1410.7569999999832
237,0.0,5.0,5.0,954.9860000000336
258,0.0,5.0,5.0,1536.3749999999418
279,0.0,5.0,5.0,1437.975999999995
283,0.0,5.0,5.0,1743.539999999979
290,0.0,5.0,5.0,1961.6100000000151
298,0.0,5.0,5.0,1861.8979999999572
300,0.0,5.0,5.0,1691.0
303,0.0,5.0,5.0,1379.0
326,0.0,5.0,5.0,2094.0
357,0.0,5.0,5.0,1476.0
359,0.0,5.0,5.0,1480.0
386,0.0,5.0,5.0,1125.8559999999998
395,0.0,5.0,5.0,1090.6979999940377
404,0.0,5.0,5.0,1895.4699999940349
417,0.0,5.0,5.0,1502.9530000030063
419,0.0,5.0,5.0,1666.664999999979
437,0.0,5.0,5.0,1993.000000000029
438,0.0,5.0,5.0,2512.0
470,0.0,5.0,5.0,1725.0
472,0.0,5.0,5.0,2047.0
476,0.0,5.0,5.0,1374.0
501,0.0,5.0,5.0,1410.0
513,0.0,5.0,5.0,2047.0
518,0.0,5.0,5.0,1714.0
528,0.0,5.0,5.0,1158.0
531,0.0,5.0,5.0,1820.0
544,0.0,5.0,5.0,1420.0
547,0.0,5.0,5.0,2242.0
552,0.0,5.0,5.0,1386.0
571,0.0,5.0,5.0,2099.0
582,0.0,5.0,5.0,1752.000000000029
600,0.0,5.0,5.0,1489.0129999985074
605,0.0,5.0,5.0,1376.7980000000098
608,0.0,5.0,5.0,1678.0269999985176
638,0.0,5.0,5.0,1430.0479999984964
659,0.0,5.0,5.0,1476.807000001485
665,0.0,5.0,5.0,1239.0
668,0.0,5.0,5.0,1903.0
697,0.0,5.0,5.0,1514.0
714,0.0,5.0,5.0,2449.000000000029
718,0.0,5.0,5.0,1628.0
728,0.0,5.0,5.0,1326.0
734,0.0,5.0,5.0,1046.0
738,0.0,5.0,5.0,1001.0
745,0.0,5.0,5.0,1614.0
756,0.0,5.0,5.0,929.0000000000292
788,0.0,5.0,5.0,1747.8370000000286
808,0.0,5.0,5.0,1421.158999999869
815,0.0,5.0,5.0,2964.127000000095
827,0.0,5.0,5.0,3590.369000000006
828,0.0,5.0,5.0,3152.6969999999856
862,0.0,5.0,5.0,2488.1829999979527
870,0.0,5.0,5.0,1097.852000007406
877,0.0,5.0,5.0,1952.6989999995856
878,0.0,5.0,5.0,1548.8620000010706
898,0.0,5.0,5.0,2096.254000000714
907,0.0,5.0,5.0,1715.0
926,0.0,5.0,5.0,2031.000000000029
929,0.0,5.0,5.0,1401.0
951,0.0,5.0,5.0,2259.0
952,0.0,5.0,5.0,1445.0
969,0.0,5.0,5.0,1504.0959999927873
984,0.0,5.0,5.0,1689.151000014739
987,0.0,5.0,5.0,1917.0950000189769
1004,0.0,5.0,5.0,1241.0080000340822
1013,0.0,5.0,5.0,2722.541999981709
1020,0.0,5.0,5.0,2557.503
1028,0.0,5.0,5.0,1671.808
1039,0.0,5.0,5.0,1184.079
1069,0.0,5.0,5.0,1605.711
1073,0.0,5.0,5.0,1795.799
1088,0.0,5.0,5.0,1540.97
1096,0.0,5.0,5.0,1908.187
1100,0.0,5.0,5.0,1714.113
1108,0.0,5.0,5.0,1811.552
1120,0.0,5.0,5.0,1894.512
1146,0.0,5.0,5.0,1538.3400000489492
1169,0.0,5.0,5.0,1187.8570000518955
1178,0.0,5.0,5.0,1067.135000000446
1185,0.0,5.0,5.0,2080.136999991577
1198,0.0,5.0,5.0,1406.9940000197676
1212,0.0,5.0,5.0,1449.869000000006
1217,0.0,5.0,5.0,1366.518999998516
1242,0.0,5.0,5.0,2244.931999999972
1243,0.0,5.0,5.0,2915.173999994062
1246,0.0,5.0,5.0,2726.7699999940232
1260,0.0,5.0,5.0,2081.6689999851733
1287,0.0,5.0,5.0,1784.1979999755276
1300,0.0,5.0,5.0,1456.200999976747
1302,0.0,5.0,5.0,1503.5879999817407
1308,0.0,5.0,5.0,1917.676999983756
1322,0.0,5.0,5.0,1878.5200000007464
1325,0.0,5.0,5.0,1723.3750000003783
1335,0.0,5.0,5.0,2285.345000000758
1336,0.0,5.0,5.0,2924.397000000376
1366,0.0,5.0,5.0,2692.8030000000144
1380,0.0,5.0,5.0,1830.5390000001064
1385,0.0,5.0,5.0,2032.8369999999995
1386,0.0,5.0,5.0,1724.3620000002263
1390,0.0,5.0,5.0,1974.3560000001744
1436,0.0,5.0,5.0,2105.457000000228
1440,0.0,5.0,5.0,2880.8570001013286
1453,0.0,5.0,5.0,1871.361000037985
1461,0.0,5.0,5.0,2313.8910000123724
1476,0.0,5.0,5.0,2900.598000087688
1485,0.0,5.0,5.0,1880.2000001071428
8,0.0,5.0,7.0,2172.0
22,0.0,5.0,7.0,2933.0
30,0.0,5.0,7.0,1926.0
41,0.0,5.0,7.0,1532.0
42,0.0,5.0,7.0,1536.0
62,0.0,5.0,7.0,1683.0
66,0.0,5.0,7.0,2137.0
80,0.0,5.0,7.0,1836.0
97,0.0,5.0,7.0,1622.0
98,0.0,5.0,7.0,1068.0
127,0.0,5.0,7.0,3282.210999988485
137,0.0,5.0,7.0,2603.3739999954123
144,0.0,5.0,7.0,2002.887999987608
148,0.0,5.0,7.0,2468.7519999906945
179,0.0,5.0,7.0,2784.9409999919008
183,0.0,5.0,7.0,1807.1999999999823
219,0.0,5.0,7.0,3077.9560000000347
221,0.0,5.0,7.0,2242.1810000000114
222,0.0,5.0,7.0,1677.0849999999627
235,0.0,5.0,7.0,1333.332000000053
267,0.0,5.0,7.0,1402.426999999967
274,0.0,5.0,7.0,1183.350000000064
277,0.0,5.0,7.0,1473.7389999999432
285,0.0,5.0,7.0,2010.9860000000333
295,0.0,5.0,7.0,1766.8079999999609
305,0.0,5.0,7.0,2061.0
309,0.0,5.0,7.0,1796.0
337,0.0,5.0,7.0,1594.0
344,0.0,5.0,7.0,1906.0
348,0.0,5.0,7.0,1706.0
360,0.0,5.0,7.0,1982.6379999970088
365,0.0,5.0,7.0,2738.561999997008
387,0.0,5.0,7.0,1971.449999997014
401,0.0,5.0,7.0,3192.771000005945
411,0.0,5.0,7.0,1991.2060000000056
430,0.0,5.0,7.0,1297.0
434,0.0,5.0,7.0,1854.0
452,0.0,5.0,7.0,2119.000000000029
459,0.0,5.0,7.0,2905.0
471,0.0,5.0,7.0,2266.0
484,0.0,5.0,7.0,2036.0
499,0.0,5.0,7.0,2450.0
502,0.0,5.0,7.0,2564.0
504,0.0,5.0,7.0,1702.0
526,0.0,5.0,7.0,1715.999999999971
558,0.0,5.0,7.0,1435.0
560,0.0,5.0,7.0,1751.0
562,0.0,5.0,7.0,1539.0
572,0.0,5.0,7.0,2452.000000000029
578,0.0,5.0,7.0,2612.0
620,0.0,5.0,7.0,2423.5819999970263
625,0.0,5.0,7.0,2520.1860000015004
634,0.0,5.0,7.0,2009.7790000014936
642,0.0,5.0,7.0,2321.1499999955413
647,0.0,5.0,7.0,1966.7069999970263
661,0.0,5.0,7.0,1864.0
679,0.0,5.0,7.0,2174.0
681,0.0,5.0,7.0,1662.0
699,0.0,5.0,7.0,1936.000000000029
710,0.0,5.0,7.0,3165.000000000029
722,0.0,5.0,7.0,1632.0
732,0.0,5.0,7.0,2288.0
752,0.0,5.0,7.0,1745.000000000029
759,0.0,5.0,7.0,1895.000000000029
773,0.0,5.0,7.0,1762.0
791,0.0,5.0,7.0,2798.059000000037
798,0.0,5.0,7.0,3405.0070000000123
812,0.0,5.0,7.0,2864.329000000085
814,0.0,5.0,7.0,3441.5259999999253
821,0.0,5.0,7.0,4945.178000000073
850,0.0,5.0,7.0,3488.846999995061
858,0.0,5.0,7.0,4564.354999997275
863,0.0,5.0,7.0,2250.7539999935543
885,0.0,5.0,7.0,2452.3520000055432
896,0.0,5.0,7.0,2103.3340000010794
915,0.0,5.0,7.0,2063.0
917,0.0,5.0,7.0,2086.0
935,0.0,5.0,7.0,3654.0
949,0.0,5.0,7.0,3422.0
955,0.0,5.0,7.0,4389.0
972,0.0,5.0,7.0,2136.4830000106303
985,0.0,5.0,7.0,3045.6310000248777
994,0.0,5.0,7.0,1775.7480000174255
1016,0.0,5.0,7.0,2711.563000024995
1019,0.0,5.0,7.0,3161.2120000254363
1021,0.0,5.0,7.0,1964.032
1038,0.0,5.0,7.0,2292.425
1051,0.0,5.0,7.0,3866.014
1066,0.0,5.0,7.0,2171.855
1076,0.0,5.0,7.0,2134.051
1086,0.0,5.0,7.0,3430.864
1089,0.0,5.0,7.0,1797.188
1094,0.0,5.0,7.0,2213.398
1114,0.0,5.0,7.0,3037.616
1115,0.0,5.0,7.0,2431.506
1158,0.0,5.0,7.0,1561.7999999826716
1173,0.0,5.0,7.0,2671.315999961705
1177,0.0,5.0,7.0,1994.801999997988
1193,0.0,5.0,7.0,1653.1970000409638
1199,0.0,5.0,7.0,4805.613000052632
1200,0.0,5.0,7.0,3463.272999998502
1230,0.0,5.0,7.0,2976.297999997012
1236,0.0,5.0,7.0,2286.6300000000047
1248,0.0,5.0,7.0,2310.512999999977
1252,0.0,5.0,7.0,4021.554999995511
1273,0.0,5.0,7.0,2001.6129999906843
1289,0.0,5.0,7.0,2088.2599999885133
1291,0.0,5.0,7.0,1795.125999976517
1292,0.0,5.0,7.0,1701.7099999993952
1307,0.0,5.0,7.0,3087.5979999857373
1333,0.0,5.0,7.0,2696.4460000003746
1349,0.0,5.0,7.0,1994.6690000011292
1356,0.0,5.0,7.0,3702.3780000007537
1368,0.0,5.0,7.0,3401.069000000367
1372,0.0,5.0,7.0,3234.690000001516
1414,0.0,5.0,7.0,2475.5920000001206
1416,0.0,5.0,7.0,2701.5500000000466
1417,0.0,5.0,7.0,2668.9930000001623
1427,0.0,5.0,7.0,4645.269000000146
1433,0.0,5.0,7.0,3426.646000000066
1451,0.0,5.0,7.0,2295.4499999553664
1460,0.0,5.0,7.0,2009.8620000877709
1471,0.0,5.0,7.0,2178.9469999839785
1474,0.0,5.0,7.0,2940.824999887933
1492,0.0,5.0,7.0,2750.846000108839
3,0.0,15.0,3.0,1724.0
16,0.0,15.0,3.0,1129.0
17,0.0,15.0,3.0,1259.000000000029
23,0.0,15.0,3.0,1463.0
59,0.0,15.0,3.0,1145.0
67,0.0,15.0,3.0,1021.0
83,0.0,15.0,3.0,1164.0
86,0.0,15.0,3.0,941.0
99,0.0,15.0,3.0,971.0
116,0.0,15.0,3.0,1049.0
120,0.0,15.0,3.0,1027.5909999912546
147,0.0,15.0,3.0,1625.7509999902395
157,0.0,15.0,3.0,846.4729999997362
163,0.0,15.0,3.0,1168.6999999890104
166,0.0,15.0,3.0,974.7539999935252
188,0.0,15.0,3.0,1572.5480000000389
207,0.0,15.0,3.0,995.652000000002
224,0.0,15.0,3.0,1965.4069999999483
225,0.0,15.0,3.0,931.0209999999496
233,0.0,15.0,3.0,893.3950000000186
252,0.0,15.0,3.0,711.1600000000326
268,0.0,15.0,3.0,844.8369999999995
275,0.0,15.0,3.0,711.0329999999667
276,0.0,15.0,3.0,1212.6509999999837
291,0.0,15.0,3.0,843.9319999999425
321,0.0,15.0,3.0,928.0
339,0.0,15.0,3.0,934.0
350,0.0,15.0,3.0,1241.0
353,0.0,15.0,3.0,961.0
358,0.0,15.0,3.0,1111.0
381,0.0,15.0,3.0,1076.2630000059726
389,0.0,15.0,3.0,1081.259999994043
409,0.0,15.0,3.0,1123.0899999969988
414,0.0,15.0,3.0,1026.1720000059577
415,0.0,15.0,3.0,1203.5820000029637
443,0.0,15.0,3.0,1120.0
449,0.0,15.0,3.0,1182.0
453,0.0,15.0,3.0,1101.0
467,0.0,15.0,3.0,1332.0
473,0.0,15.0,3.0,1151.0
488,0.0,15.0,3.0,935.0
494,0.0,15.0,3.0,937.0
496,0.0,15.0,3.0,1822.0
512,0.0,15.0,3.0,951.0000000000292
530,0.0,15.0,3.0,1014.0000000000292
550,0.0,15.0,3.0,1009.0
557,0.0,15.0,3.0,905.0000000000292
569,0.0,15.0,3.0,1309.0
585,0.0,15.0,3.0,1268.0
599,0.0,15.0,3.0,935.0
607,0.0,15.0,3.0,766.8069999985164
610,0.0,15.0,3.0,967.2350000014994
631,0.0,15.0,3.0,1686.7809999985038
633,0.0,15.0,3.0,1350.7289999970235
643,0.0,15.0,3.0,898.8719999970053
671,0.0,15.0,3.0,1183.0000000000146
685,0.0,15.0,3.0,1370.0
686,0.0,15.0,3.0,1149.0
701,0.0,15.0,3.0,1024.000000000029
705,0.0,15.0,3.0,1127.0
740,0.0,15.0,3.0,1494.0
747,0.0,15.0,3.0,1317.000000000029
749,0.0,15.0,3.0,1061.0
768,0.0,15.0,3.0,1249.0
776,0.0,15.0,3.0,1209.0
783,0.0,15.0,3.0,1409.0080000000016
784,0.0,15.0,3.0,995.1980000000332
789,0.0,15.0,3.0,1212.456999999937
824,0.0,15.0,3.0,1565.2259999999078
839,0.0,15.0,3.0,1458.0559999999823
864,0.0,15.0,3.0,1297.6199999989476
876,0.0,15.0,3.0,1186.6270000027723
883,0.0,15.0,3.0,1013.024999994028
894,0.0,15.0,3.0,1119.8380000057225
899,0.0,15.0,3.0,1305.5890000012005
901,0.0,15.0,3.0,1723.000000000029
910,0.0,15.0,3.0,1595.0
920,0.0,15.0,3.0,1588.000000000029
923,0.0,15.0,3.0,1803.0
950,0.0,15.0,3.0,970.0
973,0.0,15.0,3.0,995.9940000138448
979,0.0,15.0,3.0,963.6030000310276
981,0.0,15.0,3.0,1101.7020000015036
1003,0.0,15.0,3.0,1073.970999985817
1006,0.0,15.0,3.0,1026.0330000333488
1032,0.0,15.0,3.0,991.1889999
1034,0.0,15.0,3.0,1367.307
1050,0.0,15.0,3.0,1157.237
1061,0.0,15.0,3.0,1045.984
1070,0.0,15.0,3.0,1373.866
1082,0.0,15.0,3.0,1216.186
1102,0.0,15.0,3.0,1327.192
1124,0.0,15.0,3.0,1300.722
1130,0.0,15.0,3.0,1515.683
1132,0.0,15.0,3.0,1111.092
1161,0.0,15.0,3.0,1279.241000017515
1165,0.0,15.0,3.0,1683.5700000080833
1174,0.0,15.0,3.0,1209.5369999772083
1176,0.0,15.0,3.0,1361.0539999737812
1187,0.0,15.0,3.0,1222.2650000294962
1237,0.0,15.0,3.0,1097.8639999940642
1238,0.0,15.0,3.0,2171.681999999972
1250,0.0,15.0,3.0,1274.7490000000107
1257,0.0,15.0,3.0,955.5960000000196
1259,0.0,15.0,3.0,1315.8659999940428
1280,0.0,15.0,3.0,1121.9459999847022
1288,0.0,15.0,3.0,1217.7309999999416
1297,0.0,15.0,3.0,1152.6789999911562
1310,0.0,15.0,3.0,921.8859999960404
1315,0.0,15.0,3.0,913.9889999865554
1324,0.0,15.0,3.0,1111.4600000007486
1340,0.0,15.0,3.0,1117.366000000737
1355,0.0,15.0,3.0,1262.155999999988
1364,0.0,15.0,3.0,1480.2140000014915
1378,0.0,15.0,3.0,1273.995000000752
1389,0.0,15.0,3.0,1074.3120000000345
1401,0.0,15.0,3.0,1448.9560000001802
1422,0.0,15.0,3.0,1398.8640000001178
1423,0.0,15.0,3.0,1158.6650000001537
1437,0.0,15.0,3.0,1472.9390000001297
1457,0.0,15.0,3.0,1553.2619999451565
1482,0.0,15.0,3.0,1523.6109999836772
1486,0.0,15.0,3.0,1494.393000038748
1490,0.0,15.0,3.0,1046.5999999079213
1495,0.0,15.0,3.0,1836.3030000188735
0,0.0,15.0,5.0,1850.0
5,0.0,15.0,5.0,3007.0
46,0.0,15.0,5.0,1369.0
49,0.0,15.0,5.0,2029.000000000029
57,0.0,15.0,5.0,1300.0
78,0.0,15.0,5.0,3319.0
85,0.0,15.0,5.0,1115.0
87,0.0,15.0,5.0,1108.0
93,0.0,15.0,5.0,1466.0
103,0.0,15.0,5.0,1114.0
121,0.0,15.0,5.0,1343.8179999955464
130,0.0,15.0,5.0,2210.962999998941
135,0.0,15.0,5.0,2204.198999998276
138,0.0,15.0,5.0,1471.9919999909762
173,0.0,15.0,5.0,1840.1769999941464
195,0.0,15.0,5.0,1324.9979999999632
198,0.0,15.0,5.0,1263.1479999999865
200,0.0,15.0,5.0,1699.4750000000058
209,0.0,15.0,5.0,1162.4750000000058
213,0.0,15.0,5.0,1067.2779999999912
243,0.0,15.0,5.0,1447.5419999999576
246,0.0,15.0,5.0,1804.527000000031
250,0.0,15.0,5.0,1781.8040000000035
257,0.0,15.0,5.0,1483.9409999999916
260,0.0,15.0,5.0,1296.9299999999348
328,0.0,15.0,5.0,1274.0
345,0.0,15.0,5.0,1164.0
351,0.0,15.0,5.0,1496.0
354,0.0,15.0,5.0,1182.0
355,0.0,15.0,5.0,1399.0
385,0.0,15.0,5.0,1387.7880000059668
393,0.0,15.0,5.0,1098.1840000000084
402,0.0,15.0,5.0,1324.1769999940298
410,0.0,15.0,5.0,1450.3459999940242
418,0.0,15.0,5.0,1304.7210000000196
422,0.0,15.0,5.0,1779.0
423,0.0,15.0,5.0,1413.0
424,0.0,15.0,5.0,1557.0
440,0.0,15.0,5.0,1359.0
464,0.0,15.0,5.0,1307.0
489,0.0,15.0,5.0,1070.0
503,0.0,15.0,5.0,1174.000000000029
506,0.0,15.0,5.0,1363.0
514,0.0,15.0,5.0,1126.0
537,0.0,15.0,5.0,1376.0
543,0.0,15.0,5.0,2110.0
565,0.0,15.0,5.0,1710.0
566,0.0,15.0,5.0,1375.0
595,0.0,15.0,5.0,1567.0
596,0.0,15.0,5.0,1026.999999999971
615,0.0,15.0,5.0,1223.446999997017
617,0.0,15.0,5.0,1294.3090000000084
629,0.0,15.0,5.0,2605.781000001501
639,0.0,15.0,5.0,1367.097999995516
653,0.0,15.0,5.0,2816.3889999955427
670,0.0,15.0,5.0,1788.0
674,0.0,15.0,5.0,1775.0
683,0.0,15.0,5.0,1589.0
689,0.0,15.0,5.0,1685.0
716,0.0,15.0,5.0,1547.0
720,0.0,15.0,5.0,1735.0
731,0.0,15.0,5.0,1274.0
748,0.0,15.0,5.0,1705.0
765,0.0,15.0,5.0,1589.0
772,0.0,15.0,5.0,1660.0
802,0.0,15.0,5.0,2516.143000000069
805,0.0,15.0,5.0,2380.6029999999155
806,0.0,15.0,5.0,1356.4219999999625
833,0.0,15.0,5.0,2367.167000000016
836,0.0,15.0,5.0,2779.6479999999283
842,0.0,15.0,5.0,1132.4170000056038
854,0.0,15.0,5.0,1862.746000007348
857,0.0,15.0,5.0,1491.0029999982798
871,0.0,15.0,5.0,3206.588999995991
889,0.0,15.0,5.0,1420.409000005544
911,0.0,15.0,5.0,1363.0
924,0.0,15.0,5.0,2465.0
930,0.0,15.0,5.0,1450.0
931,0.0,15.0,5.0,2110.0
941,0.0,15.0,5.0,1563.0
974,0.0,15.0,5.0,2658.720999988436
976,0.0,15.0,5.0,1764.049999982366
986,0.0,15.0,5.0,1408.1190000297793
993,0.0,15.0,5.0,1333.1839999815857
999,0.0,15.0,5.0,1232.4410000196367
1026,0.0,15.0,5.0,1988.627
1033,0.0,15.0,5.0,1515.864
1043,0.0,15.0,5.0,3299.359
1071,0.0,15.0,5.0,1578.616
1074,0.0,15.0,5.0,1702.259
1099,0.0,15.0,5.0,2011.068
1106,0.0,15.0,5.0,2126.281
1117,0.0,15.0,5.0,1625.153
1118,0.0,15.0,5.0,1582.107
1134,0.0,15.0,5.0,2113.345
1144,0.0,15.0,5.0,2400.5600000609847
1155,0.0,15.0,5.0,2212.115999972433
1189,0.0,15.0,5.0,1200.273000057554
1195,0.0,15.0,5.0,2021.392999991891
1196,0.0,15.0,5.0,1868.1099999597936
1203,0.0,15.0,5.0,1970.9499999940451
1206,0.0,15.0,5.0,1617.2239999955343
1219,0.0,15.0,5.0,1138.1449999985052
1244,0.0,15.0,5.0,1444.8279999999795
1256,0.0,15.0,5.0,1747.6199999970268
1270,0.0,15.0,5.0,1554.1669999970327
1272,0.0,15.0,5.0,1416.8289999901026
1274,0.0,15.0,5.0,1298.5009999930626
1276,0.0,15.0,5.0,1567.195999990479
1284,0.0,15.0,5.0,1938.7049999717856
1321,0.0,15.0,5.0,1770.236000000732
1332,0.0,15.0,5.0,1920.1620000003604
1351,0.0,15.0,5.0,1987.9030000011264
1358,0.0,15.0,5.0,1327.6630000011064
1361,0.0,15.0,5.0,2466.4780000007595
1413,0.0,15.0,5.0,1083.6200000000244
1419,0.0,15.0,5.0,1628.8560000002035
1429,0.0,15.0,5.0,1427.3230000000913
1432,0.0,15.0,5.0,1795.475000000035
1435,0.0,15.0,5.0,1995.8910000001777
1442,0.0,15.0,5.0,2624.219000064375
1445,0.0,15.0,5.0,2631.416999893234
1452,0.0,15.0,5.0,2235.7680000923865
1468,0.0,15.0,5.0,1867.482999894652
1487,0.0,15.0,5.0,1550.5809999461344
9,0.0,15.0,7.0,2256.0
15,0.0,15.0,7.0,2297.0
40,0.0,15.0,7.0,1847.0
48,0.0,15.0,7.0,1851.0
55,0.0,15.0,7.0,1218.000000000029
65,0.0,15.0,7.0,1644.0
75,0.0,15.0,7.0,1303.000000000029
84,0.0,15.0,7.0,1586.0
111,0.0,15.0,7.0,1777.000000000029
115,0.0,15.0,7.0,1347.000000000029
122,0.0,15.0,7.0,1489.3889999932435
128,0.0,15.0,7.0,2512.4799999997776
142,0.0,15.0,7.0,1375.3029999972205
160,0.0,15.0,7.0,1485.6589999934076
169,0.0,15.0,7.0,1539.6189999941853
181,0.0,15.0,7.0,1163.2850000000617
205,0.0,15.0,7.0,1749.832999999955
208,0.0,15.0,7.0,1248.2419999999693
216,0.0,15.0,7.0,1552.5939999999537
236,0.0,15.0,7.0,1664.237000000081
254,0.0,15.0,7.0,990.1919999999808
266,0.0,15.0,7.0,1297.3480000000563
286,0.0,15.0,7.0,1192.6089999999676
293,0.0,15.0,7.0,1221.5400000000373
296,0.0,15.0,7.0,1549.8150000000314
307,0.0,15.0,7.0,1343.0
319,0.0,15.0,7.0,1644.0
329,0.0,15.0,7.0,1623.0000000000073
335,0.0,15.0,7.0,1618.0
338,0.0,15.0,7.0,1299.0
367,0.0,15.0,7.0,2063.714000005973
377,0.0,15.0,7.0,1422.0219999999972
397,0.0,15.0,7.0,1874.408999994048
406,0.0,15.0,7.0,1838.5239999970072
416,0.0,15.0,7.0,2188.558000002988
425,0.0,15.0,7.0,1997.0
426,0.0,15.0,7.0,1480.0
431,0.0,15.0,7.0,1595.0
451,0.0,15.0,7.0,1218.0
458,0.0,15.0,7.0,2022.999999999971
481,0.0,15.0,7.0,2151.0
486,0.0,15.0,7.0,1529.0
505,0.0,15.0,7.0,1507.0
533,0.0,15.0,7.0,1626.0
539,0.0,15.0,7.0,2015.0
554,0.0,15.0,7.0,1302.0
570,0.0,15.0,7.0,1983.0
575,0.0,15.0,7.0,1390.0
591,0.0,15.0,7.0,1162.0
597,0.0,15.0,7.0,1717.0
618,0.0,15.0,7.0,2621.088999995525
619,0.0,15.0,7.0,2320.4960000000137
637,0.0,15.0,7.0,1232.9230000000098
652,0.0,15.0,7.0,1867.1830000015036
657,0.0,15.0,7.0,1347.6470000014815
684,0.0,15.0,7.0,2500.0
693,0.0,15.0,7.0,2263.0
694,0.0,15.0,7.0,2996.0
707,0.0,15.0,7.0,1673.000000000029
713,0.0,15.0,7.0,1705.0
746,0.0,15.0,7.0,1261.0
751,0.0,15.0,7.0,1122.0
755,0.0,15.0,7.0,2933.0
762,0.0,15.0,7.0,1492.0
777,0.0,15.0,7.0,1861.0
781,0.0,15.0,7.0,2008.5489999999409
782,0.0,15.0,7.0,2386.8120000000345
807,0.0,15.0,7.0,1413.8609999999462
813,0.0,15.0,7.0,2874.3360000000102
822,0.0,15.0,7.0,3845.683999999892
840,0.0,15.0,7.0,3149.188999997372
861,0.0,15.0,7.0,2681.8670000041893
866,0.0,15.0,7.0,2805.8260000057053
867,0.0,15.0,7.0,1759.7759999996051
887,0.0,15.0,7.0,2675.0350000075123
906,0.0,15.0,7.0,2923.0
908,0.0,15.0,7.0,1423.0
912,0.0,15.0,7.0,2111.0
934,0.0,15.0,7.0,2384.0
936,0.0,15.0,7.0,1400.0
962,0.0,15.0,7.0,1891.2670000223295
967,0.0,15.0,7.0,1645.6530000235653
971,0.0,15.0,7.0,1277.839000011474
1005,0.0,15.0,7.0,1021.261999988492
1017,0.0,15.0,7.0,2477.781999980827
1035,0.0,15.0,7.0,1571.939
1036,0.0,15.0,7.0,2637.723
1040,0.0,15.0,7.0,2149.834
1042,0.0,15.0,7.0,3087.781
1056,0.0,15.0,7.0,1539.265
1083,0.0,15.0,7.0,2254.64
1092,0.0,15.0,7.0,1726.577
1097,0.0,15.0,7.0,1519.997
1103,0.0,15.0,7.0,1801.983
1112,0.0,15.0,7.0,1809.405
1140,0.0,15.0,7.0,2851.469999984949
1147,0.0,15.0,7.0,1859.1209999914356
1148,0.0,15.0,7.0,3708.9769999738855
1172,0.0,15.0,7.0,1471.1939999941824
1182,0.0,15.0,7.0,3174.5600000032864
1210,0.0,15.0,7.0,1677.621999997005
1213,0.0,15.0,7.0,1960.1909999955387
1218,0.0,15.0,7.0,2241.3830000000016
1224,0.0,15.0,7.0,1408.9309999970135
1227,0.0,15.0,7.0,1198.2119999999995
1267,0.0,15.0,7.0,1924.8449999879888
1290,0.0,15.0,7.0,1865.3729999743227
1309,0.0,15.0,7.0,1983.7799999781128
1314,0.0,15.0,7.0,1891.5769999978947
1316,0.0,15.0,7.0,1910.300999988569
1323,0.0,15.0,7.0,2864.7680000014952
1331,0.0,15.0,7.0,1504.9300000014773
1350,0.0,15.0,7.0,1909.1550000003767
1354,0.0,15.0,7.0,2246.3640000000014
1371,0.0,15.0,7.0,2361.6259999999893
1383,0.0,15.0,7.0,2025.8430000000808
1392,0.0,15.0,7.0,1909.6600000002072
1393,0.0,15.0,7.0,2706.8530000001774
1395,0.0,15.0,7.0,2256.708000000159
1434,0.0,15.0,7.0,1566.1570000002391
1450,0.0,15.0,7.0,2683.7949999248376
1478,0.0,15.0,7.0,2967.4079999430105
1479,0.0,15.0,7.0,2774.672000023158
1483,0.0,15.0,7.0,3176.058000010147
1494,0.0,15.0,7.0,3555.336999915948
13,1.0,5.0,3.0,926.0
14,1.0,5.0,3.0,943.0000000000292
21,1.0,5.0,3.0,1305.0
39,1.0,5.0,3.0,958.0
54,1.0,5.0,3.0,1312.999999999971
61,1.0,5.0,3.0,902.0000000000146
70,1.0,5.0,3.0,1257.0
101,1.0,5.0,3.0,652.0
102,1.0,5.0,3.0,822.0000000000291
114,1.0,5.0,3.0,723.0
125,1.0,5.0,3.0,871.8839999941702
126,1.0,5.0,3.0,870.2579999913287
145,1.0,5.0,3.0,805.6579999913811
153,1.0,5.0,3.0,834.8739999876416
168,1.0,5.0,3.0,847.2059999880148
189,1.0,5.0,3.0,769.4089999999851
194,1.0,5.0,3.0,909.3169999999518
210,1.0,5.0,3.0,784.6490000000631
217,1.0,5.0,3.0,885.7660000000615
230,1.0,5.0,3.0,746.539999999979
242,1.0,5.0,3.0,1162.9739999999438
259,1.0,5.0,3.0,604.7519999999495
269,1.0,5.0,3.0,527.7860000000219
273,1.0,5.0,3.0,720.0540000000328
284,1.0,5.0,3.0,769.1590000000142
304,1.0,5.0,3.0,706.0
314,1.0,5.0,3.0,651.0
322,1.0,5.0,3.0,770.0
325,1.0,5.0,3.0,1004.0
330,1.0,5.0,3.0,764.0
361,1.0,5.0,3.0,949.646000000008
375,1.0,5.0,3.0,823.5139999940293
384,1.0,5.0,3.0,789.4659999999858
392,1.0,5.0,3.0,754.9740000029851
398,1.0,5.0,3.0,831.6530000029597
435,1.0,5.0,3.0,826.0
461,1.0,5.0,3.0,1012.0
469,1.0,5.0,3.0,1102.0
477,1.0,5.0,3.0,1115.0
479,1.0,5.0,3.0,1053.0
480,1.0,5.0,3.0,929.0
522,1.0,5.0,3.0,643.0
525,1.0,5.0,3.0,660.0000000000291
532,1.0,5.0,3.0,916.0
535,1.0,5.0,3.0,716.0
553,1.0,5.0,3.0,1224.0
567,1.0,5.0,3.0,1052.0
568,1.0,5.0,3.0,826.0
579,1.0,5.0,3.0,966.0
583,1.0,5.0,3.0,905.0
622,1.0,5.0,3.0,760.7039999970293
628,1.0,5.0,3.0,921.422999997012
636,1.0,5.0,3.0,1012.0849999985076
648,1.0,5.0,3.0,848.4209999985178
655,1.0,5.0,3.0,729.8630000014964
680,1.0,5.0,3.0,985.0
691,1.0,5.0,3.0,767.0
703,1.0,5.0,3.0,844.0
706,1.0,5.0,3.0,865.0000000000291
709,1.0,5.0,3.0,842.0
726,1.0,5.0,3.0,896.0
727,1.0,5.0,3.0,1233.0
742,1.0,5.0,3.0,863.0
770,1.0,5.0,3.0,689.0
779,1.0,5.0,3.0,874.0000000000582
792,1.0,5.0,3.0,874.6189999999478
794,1.0,5.0,3.0,848.3340000000317
796,1.0,5.0,3.0,1344.1129999999248
799,1.0,5.0,3.0,813.7940000000526
809,1.0,5.0,3.0,1070.253999999928
845,1.0,5.0,3.0,1009.838000004107
855,1.0,5.0,3.0,1083.6120000066148
859,1.0,5.0,3.0,915.8820000058622
884,1.0,5.0,3.0,1697.3759999950998
890,1.0,5.0,3.0,915.2850000053004
903,1.0,5.0,3.0,1432.0
909,1.0,5.0,3.0,1022.0
916,1.0,5.0,3.0,847.0
938,1.0,5.0,3.0,915.0000000000292
953,1.0,5.0,3.0,840.0
970,1.0,5.0,3.0,818.6669999992591
975,1.0,5.0,3.0,759.0820000129461
982,1.0,5.0,3.0,642.1670000043086
1008,1.0,5.0,3.0,814.5889999835053
1011,1.0,5.0,3.0,762.7069999864325
1022,1.0,5.0,3.0,983.2009999
1027,1.0,5.0,3.0,738.999
1058,1.0,5.0,3.0,817.3239999
1075,1.0,5.0,3.0,866.2629998
1077,1.0,5.0,3.0,669.6619999
1091,1.0,5.0,3.0,1074.578
1105,1.0,5.0,3.0,1115.056
1125,1.0,5.0,3.0,807.88
1126,1.0,5.0,3.0,839.642
1135,1.0,5.0,3.0,972.885
1142,1.0,5.0,3.0,1286.1190000435126
1154,1.0,5.0,3.0,1308.823000037184
1170,1.0,5.0,3.0,2585.2319999796164
1180,1.0,5.0,3.0,1103.2639999949024
1181,1.0,5.0,3.0,1080.9270000294782
1215,1.0,5.0,3.0,880.1909999985073
1216,1.0,5.0,3.0,929.1449999940525
1220,1.0,5.0,3.0,1140.070999998512
1223,1.0,5.0,3.0,1152.778999998496
1226,1.0,5.0,3.0,752.0050000000047
1262,1.0,5.0,3.0,1451.1419999742866
1296,1.0,5.0,3.0,889.118999996208
1301,1.0,5.0,3.0,761.5619999855699
1305,1.0,5.0,3.0,730.0469999857014
1319,1.0,5.0,3.0,1126.0709999877145
1326,1.0,5.0,3.0,1071.0150000014985
1339,1.0,5.0,3.0,1119.8520000011194
1353,1.0,5.0,3.0,897.1700000011188
1363,1.0,5.0,3.0,788.5820000011299
1369,1.0,5.0,3.0,679.6530000007479
1388,1.0,5.0,3.0,852.5000000001746
1394,1.0,5.0,3.0,1067.2140000001236
1410,1.0,5.0,3.0,797.5660000000789
1425,1.0,5.0,3.0,879.954000000027
1430,1.0,5.0,3.0,912.810000000114
1448,1.0,5.0,3.0,1390.3290000859124
1464,1.0,5.0,3.0,1373.2160000127333
1465,1.0,5.0,3.0,1190.20900001243
1467,1.0,5.0,3.0,1070.0599998927792
1469,1.0,5.0,3.0,1053.412999949942
10,1.0,5.0,5.0,1041.0
18,1.0,5.0,5.0,1191.0
27,1.0,5.0,5.0,1755.0
28,1.0,5.0,5.0,1591.0
53,1.0,5.0,5.0,1006.9999999999708
63,1.0,5.0,5.0,999.0000000000146
68,1.0,5.0,5.0,815.0000000000291
81,1.0,5.0,5.0,1044.0
95,1.0,5.0,5.0,703.0
110,1.0,5.0,5.0,784.0000000000291
129,1.0,5.0,5.0,1325.46199998862
140,1.0,5.0,5.0,738.9369999881892
149,1.0,5.0,5.0,704.9769999986747
158,1.0,5.0,5.0,757.3819999973348
172,1.0,5.0,5.0,763.0489999976708
192,1.0,5.0,5.0,837.2699999999604
193,1.0,5.0,5.0,1092.4850000000442
203,1.0,5.0,5.0,692.7719999999972
212,1.0,5.0,5.0,1439.4629999999888
214,1.0,5.0,5.0,747.005999999994
249,1.0,5.0,5.0,879.6679999999469
265,1.0,5.0,5.0,867.603999999963
272,1.0,5.0,5.0,1430.3649999999616
294,1.0,5.0,5.0,1340.508999999991
297,1.0,5.0,5.0,1255.4129999999714
308,1.0,5.0,5.0,1417.0
312,1.0,5.0,5.0,712.0000000000036
327,1.0,5.0,5.0,646.0
334,1.0,5.0,5.0,591.0
352,1.0,5.0,5.0,963.0000000000146
371,1.0,5.0,5.0,1109.5350000000035
372,1.0,5.0,5.0,1055.9509999970323
373,1.0,5.0,5.0,971.789999994042
376,1.0,5.0,5.0,921.0620000059716
380,1.0,5.0,5.0,1138.6399999940477
420,1.0,5.0,5.0,1158.0
433,1.0,5.0,5.0,1584.0
447,1.0,5.0,5.0,1090.0
448,1.0,5.0,5.0,1454.0
474,1.0,5.0,5.0,908.0
482,1.0,5.0,5.0,1022.0
493,1.0,5.0,5.0,940.0
511,1.0,5.0,5.0,985.0000000000292
524,1.0,5.0,5.0,2193.0
527,1.0,5.0,5.0,860.0
542,1.0,5.0,5.0,841.0
546,1.0,5.0,5.0,1122.0
559,1.0,5.0,5.0,2817.0
576,1.0,5.0,5.0,1002.0
590,1.0,5.0,5.0,869.0000000000291
602,1.0,5.0,5.0,1707.7760000014969
606,1.0,5.0,5.0,967.0499999999884
623,1.0,5.0,5.0,997.6579999955428
649,1.0,5.0,5.0,748.442999998515
654,1.0,5.0,5.0,935.5289999955276
660,1.0,5.0,5.0,1423.0000000000073
688,1.0,5.0,5.0,1045.0
708,1.0,5.0,5.0,1220.0
712,1.0,5.0,5.0,1076.0
719,1.0,5.0,5.0,1827.0
724,1.0,5.0,5.0,1146.0
730,1.0,5.0,5.0,1027.0
739,1.0,5.0,5.0,1204.000000000029
743,1.0,5.0,5.0,1546.0
761,1.0,5.0,5.0,1022.0
803,1.0,5.0,5.0,3046.554000000004
810,1.0,5.0,5.0,1183.4520000000484
826,1.0,5.0,5.0,1634.4230000000098
834,1.0,5.0,5.0,1019.896000000066
837,1.0,5.0,5.0,1302.7939999999944
843,1.0,5.0,5.0,1359.7500000019645
848,1.0,5.0,5.0,1730.9819999998144
849,1.0,5.0,5.0,912.0639999976848
880,1.0,5.0,5.0,2606.484999993816
893,1.0,5.0,5.0,1092.465999998676
914,1.0,5.0,5.0,1336.0
932,1.0,5.0,5.0,1034.0
944,1.0,5.0,5.0,860.0
947,1.0,5.0,5.0,981.0
959,1.0,5.0,5.0,1134.0
965,1.0,5.0,5.0,917.15900003539
968,1.0,5.0,5.0,1778.1309999909136
992,1.0,5.0,5.0,1625.3260000194714
996,1.0,5.0,5.0,1123.764000018884
1010,1.0,5.0,5.0,1041.6170000045968
1030,1.0,5.0,5.0,1086.291
1037,1.0,5.0,5.0,914.5499999
1054,1.0,5.0,5.0,869.206
1055,1.0,5.0,5.0,962.3029998
1064,1.0,5.0,5.0,608.8999998
1090,1.0,5.0,5.0,1365.755
1098,1.0,5.0,5.0,1215.582
1104,1.0,5.0,5.0,1294.331
1109,1.0,5.0,5.0,1030.833
1113,1.0,5.0,5.0,1211.826
1160,1.0,5.0,5.0,1217.2410000054078
1167,1.0,5.0,5.0,1051.2400000098278
1183,1.0,5.0,5.0,1361.677999977721
1184,1.0,5.0,5.0,1052.5580000298796
1186,1.0,5.0,5.0,1192.633999998623
1211,1.0,5.0,5.0,2214.9569999985106
1222,1.0,5.0,5.0,3451.0249999955413
1225,1.0,5.0,5.0,1792.7309999999998
1247,1.0,5.0,5.0,997.8249999984982
1254,1.0,5.0,5.0,1130.4019999970333
1278,1.0,5.0,5.0,1243.577999983725
1279,1.0,5.0,5.0,1027.2200000000012
1283,1.0,5.0,5.0,1241.8339999922027
1298,1.0,5.0,5.0,1311.376999980101
1306,1.0,5.0,5.0,817.0109999922861
1327,1.0,5.0,5.0,1035.6630000000005
1328,1.0,5.0,5.0,965.873000000749
1345,1.0,5.0,5.0,1055.395000000368
1365,1.0,5.0,5.0,898.2000000000116
1379,1.0,5.0,5.0,794.6149999999907
1400,1.0,5.0,5.0,1028.8900000001595
1408,1.0,5.0,5.0,900.895000000106
1409,1.0,5.0,5.0,931.2830000000832
1411,1.0,5.0,5.0,819.7060000000929
1412,1.0,5.0,5.0,858.6470000001427
1444,1.0,5.0,5.0,1546.6570000184
1458,1.0,5.0,5.0,1225.9760000928943
1472,1.0,5.0,5.0,1029.8409999895084
1473,1.0,5.0,5.0,1029.9599999154452
1477,1.0,5.0,5.0,1099.3469999399383
7,1.0,5.0,7.0,1524.0
31,1.0,5.0,7.0,2170.000000000029
34,1.0,5.0,7.0,1222.000000000029
37,1.0,5.0,7.0,886.0
44,1.0,5.0,7.0,1157.0
64,1.0,5.0,7.0,1360.0
74,1.0,5.0,7.0,2180.0
76,1.0,5.0,7.0,905.0
94,1.0,5.0,7.0,892.0000000000291
104,1.0,5.0,7.0,1358.0
132,1.0,5.0,7.0,892.6639999909967
139,1.0,5.0,7.0,965.7069999937668
154,1.0,5.0,7.0,1002.8179999870772
162,1.0,5.0,7.0,1121.7909999967087
171,1.0,5.0,7.0,1311.7189999908442
182,1.0,5.0,7.0,1239.4400000000023
185,1.0,5.0,7.0,1412.551000000036
186,1.0,5.0,7.0,1114.6040000000503
197,1.0,5.0,7.0,850.8690000000352
229,1.0,5.0,7.0,1360.3399999999674
240,1.0,5.0,7.0,1203.5819999999949
244,1.0,5.0,7.0,1597.9700000000012
245,1.0,5.0,7.0,772.0229999999574
251,1.0,5.0,7.0,853.3039999999746
271,1.0,5.0,7.0,814.6600000000035
318,1.0,5.0,7.0,802.0
323,1.0,5.0,7.0,1158.0
336,1.0,5.0,7.0,941.0
342,1.0,5.0,7.0,651.0
349,1.0,5.0,7.0,941.0
363,1.0,5.0,7.0,1102.2380000029807
369,1.0,5.0,7.0,1240.355000002979
370,1.0,5.0,7.0,1236.8689999940398
374,1.0,5.0,7.0,992.1800000029908
399,1.0,5.0,7.0,947.127000005974
427,1.0,5.0,7.0,1017.0
444,1.0,5.0,7.0,1160.0
445,1.0,5.0,7.0,1326.0
454,1.0,5.0,7.0,912.0000000000292
462,1.0,5.0,7.0,1427.0
485,1.0,5.0,7.0,1068.0
490,1.0,5.0,7.0,1137.0
498,1.0,5.0,7.0,1220.999999999971
509,1.0,5.0,7.0,769.0
538,1.0,5.0,7.0,1685.0
545,1.0,5.0,7.0,1126.0
548,1.0,5.0,7.0,1081.0
573,1.0,5.0,7.0,1881.000000000029
592,1.0,5.0,7.0,1381.0
594,1.0,5.0,7.0,1173.000000000029
609,1.0,5.0,7.0,1075.3629999970144
611,1.0,5.0,7.0,1168.4349999985134
632,1.0,5.0,7.0,877.8809999985097
646,1.0,5.0,7.0,763.1489999970072
656,1.0,5.0,7.0,740.5189999955182
676,1.0,5.0,7.0,1090.0
677,1.0,5.0,7.0,1103.0
698,1.0,5.0,7.0,989.0
702,1.0,5.0,7.0,896.0000000000291
704,1.0,5.0,7.0,820.0
735,1.0,5.0,7.0,1066.0
753,1.0,5.0,7.0,1176.000000000029
764,1.0,5.0,7.0,1100.0000000000582
766,1.0,5.0,7.0,1335.0
775,1.0,5.0,7.0,1346.0
780,1.0,5.0,7.0,1436.052999999985
793,1.0,5.0,7.0,2184.5809999999474
818,1.0,5.0,7.0,1625.4730000001146
829,1.0,5.0,7.0,2492.1959999999963
830,1.0,5.0,7.0,1155.524000000034
844,1.0,5.0,7.0,2798.314999999493
846,1.0,5.0,7.0,1373.7490000007383
868,1.0,5.0,7.0,1692.929000000615
892,1.0,5.0,7.0,2343.6949999970384
895,1.0,5.0,7.0,1876.909999997064
900,1.0,5.0,7.0,1486.000000000029
904,1.0,5.0,7.0,1307.0
919,1.0,5.0,7.0,1044.0
940,1.0,5.0,7.0,1471.999999999971
954,1.0,5.0,7.0,1463.0
960,1.0,5.0,7.0,1270.6039999975037
980,1.0,5.0,7.0,1241.426000005944
991,1.0,5.0,7.0,1220.9129999857396
998,1.0,5.0,7.0,743.2080000087444
1012,1.0,5.0,7.0,2130.227999990486
1046,1.0,5.0,7.0,946.728
1052,1.0,5.0,7.0,1190.102
1059,1.0,5.0,7.0,1297.61
1067,1.0,5.0,7.0,1166.299
1078,1.0,5.0,7.0,902.1569999
1081,1.0,5.0,7.0,1078.033
1129,1.0,5.0,7.0,1316.234
1133,1.0,5.0,7.0,1071.281
1137,1.0,5.0,7.0,1022.596
1138,1.0,5.0,7.0,1032.782
1141,1.0,5.0,7.0,2039.3010000197064
1145,1.0,5.0,7.0,1330.653000036058
1150,1.0,5.0,7.0,1491.822999967444
1164,1.0,5.0,7.0,1144.0789999706758
1179,1.0,5.0,7.0,1130.3559999914723
1205,1.0,5.0,7.0,1943.0560000000116
1229,1.0,5.0,7.0,1854.2859999985085
1233,1.0,5.0,7.0,3928.594000000012
1249,1.0,5.0,7.0,1727.340999995533
1258,1.0,5.0,7.0,1314.3119999970077
1265,1.0,5.0,7.0,2355.352999978626
1271,1.0,5.0,7.0,1246.5369999906106
1275,1.0,5.0,7.0,1131.447999984579
1281,1.0,5.0,7.0,1202.5489999879355
1311,1.0,5.0,7.0,1460.0899999915273
1334,1.0,5.0,7.0,1596.1089999999967
1348,1.0,5.0,7.0,1993.223000001104
1362,1.0,5.0,7.0,1037.3760000003676
1376,1.0,5.0,7.0,782.6910000007483
1377,1.0,5.0,7.0,1049.425000000745
1391,1.0,5.0,7.0,1345.7720000000554
1397,1.0,5.0,7.0,1370.820000000036
1405,1.0,5.0,7.0,889.0810000000929
1426,1.0,5.0,7.0,1302.9740000001038
1439,1.0,5.0,7.0,1118.5640000001297
1455,1.0,5.0,7.0,1388.207999960374
1456,1.0,5.0,7.0,1297.0870000610885
1466,1.0,5.0,7.0,1319.827999909845
1475,1.0,5.0,7.0,1249.5240000982012
1499,1.0,5.0,7.0,1457.8819999162806
24,1.0,15.0,3.0,1123.0
26,1.0,15.0,3.0,918.0000000000292
36,1.0,15.0,3.0,955.0
43,1.0,15.0,3.0,1142.0
52,1.0,15.0,3.0,952.0
60,1.0,15.0,3.0,1593.0
82,1.0,15.0,3.0,788.0
100,1.0,15.0,3.0,665.0
109,1.0,15.0,3.0,620.0
118,1.0,15.0,3.0,731.0
151,1.0,15.0,3.0,758.3699999941746
159,1.0,15.0,3.0,604.7449999914097
161,1.0,15.0,3.0,669.4429999865824
164,1.0,15.0,3.0,784.5969999956724
167,1.0,15.0,3.0,710.1939999995811
199,1.0,15.0,3.0,673.1629999999714
206,1.0,15.0,3.0,896.7020000000484
215,1.0,15.0,3.0,797.765999999945
228,1.0,15.0,3.0,805.9900000000489
234,1.0,15.0,3.0,795.3190000000177
256,1.0,15.0,3.0,565.0199999999313
278,1.0,15.0,3.0,488.1259999999311
280,1.0,15.0,3.0,860.9689999999537
282,1.0,15.0,3.0,594.9870000000519
287,1.0,15.0,3.0,558.9839999999967
301,1.0,15.0,3.0,747.0000000000018
306,1.0,15.0,3.0,658.0
310,1.0,15.0,3.0,605.0000000000036
324,1.0,15.0,3.0,678.0
332,1.0,15.0,3.0,542.0
364,1.0,15.0,3.0,1386.4019999940356
388,1.0,15.0,3.0,842.1659999940312
407,1.0,15.0,3.0,1746.489999997022
412,1.0,15.0,3.0,817.8379999970202
413,1.0,15.0,3.0,776.1379999970086
432,1.0,15.0,3.0,901.0
442,1.0,15.0,3.0,908.0
446,1.0,15.0,3.0,791.0
456,1.0,15.0,3.0,906.0
463,1.0,15.0,3.0,1097.0
483,1.0,15.0,3.0,1251.0
500,1.0,15.0,3.0,794.0
508,1.0,15.0,3.0,868.0
515,1.0,15.0,3.0,759.0
521,1.0,15.0,3.0,667.0
541,1.0,15.0,3.0,711.0
561,1.0,15.0,3.0,1248.0
580,1.0,15.0,3.0,701.0
584,1.0,15.0,3.0,762.0
588,1.0,15.0,3.0,1013.0
613,1.0,15.0,3.0,778.2249999955238
621,1.0,15.0,3.0,750.9059999999881
630,1.0,15.0,3.0,792.3929999984975
641,1.0,15.0,3.0,734.2659999955213
650,1.0,15.0,3.0,641.9290000000037
666,1.0,15.0,3.0,889.0
672,1.0,15.0,3.0,975.0
673,1.0,15.0,3.0,942.0
692,1.0,15.0,3.0,709.0
711,1.0,15.0,3.0,957.0
723,1.0,15.0,3.0,941.0
729,1.0,15.0,3.0,991.0
741,1.0,15.0,3.0,878.0
744,1.0,15.0,3.0,842.0
750,1.0,15.0,3.0,793.0
787,1.0,15.0,3.0,966.1509999999544
790,1.0,15.0,3.0,1646.68299999999
797,1.0,15.0,3.0,866.3480000000854
831,1.0,15.0,3.0,1021.6380000000354
838,1.0,15.0,3.0,895.9510000000591
847,1.0,15.0,3.0,825.1539999965753
853,1.0,15.0,3.0,727.2960000055464
874,1.0,15.0,3.0,1261.5770000045595
888,1.0,15.0,3.0,999.557999999437
891,1.0,15.0,3.0,849.5230000015581
922,1.0,15.0,3.0,854.0
933,1.0,15.0,3.0,896.0000000000291
945,1.0,15.0,3.0,835.0
948,1.0,15.0,3.0,802.0
958,1.0,15.0,3.0,941.0
964,1.0,15.0,3.0,914.0390000193293
983,1.0,15.0,3.0,613.7800000105199
1000,1.0,15.0,3.0,673.32600001627
1002,1.0,15.0,3.0,787.8350000085775
1007,1.0,15.0,3.0,704.239000020345
1029,1.0,15.0,3.0,714.884
1041,1.0,15.0,3.0,746.708
1057,1.0,15.0,3.0,747.066
1062,1.0,15.0,3.0,562.0779998
1063,1.0,15.0,3.0,691.17
1093,1.0,15.0,3.0,786.292
1101,1.0,15.0,3.0,849.861
1122,1.0,15.0,3.0,1130.116
1127,1.0,15.0,3.0,907.579
1136,1.0,15.0,3.0,1061.575
1151,1.0,15.0,3.0,1305.8040000196706
1157,1.0,15.0,3.0,1382.027000046859
1166,1.0,15.0,3.0,978.510000065522
1171,1.0,15.0,3.0,952.2859999879292
1197,1.0,15.0,3.0,1256.7119999980496
1207,1.0,15.0,3.0,1126.3219999999856
1221,1.0,15.0,3.0,872.6869999940391
1234,1.0,15.0,3.0,802.8299999955343
1241,1.0,15.0,3.0,985.2179999955116
1245,1.0,15.0,3.0,779.6919999940437
1264,1.0,15.0,3.0,808.4229999764284
1266,1.0,15.0,3.0,998.650999998972
1268,1.0,15.0,3.0,947.9829999757494
1269,1.0,15.0,3.0,876.4659999767755
1277,1.0,15.0,3.0,772.03699999128
1330,1.0,15.0,3.0,876.6180000011227
1359,1.0,15.0,3.0,904.722999999998
1367,1.0,15.0,3.0,748.9730000011041
1373,1.0,15.0,3.0,879.6860000015004
1374,1.0,15.0,3.0,666.2669999999925
1387,1.0,15.0,3.0,1187.9210000000312
1399,1.0,15.0,3.0,847.1070000001055
1403,1.0,15.0,3.0,772.5430000001215
1428,1.0,15.0,3.0,866.7500000000582
1431,1.0,15.0,3.0,791.1540000000386
1470,1.0,15.0,3.0,1053.224000095972
1481,1.0,15.0,3.0,1033.2800000158022
1488,1.0,15.0,3.0,937.1900000146708
1491,1.0,15.0,3.0,943.9779999937456
1493,1.0,15.0,3.0,1048.2679999949469
4,1.0,15.0,5.0,1757.0
20,1.0,15.0,5.0,994.0
45,1.0,15.0,5.0,1276.0
50,1.0,15.0,5.0,871.0000000000291
56,1.0,15.0,5.0,1042.0
69,1.0,15.0,5.0,887.0
88,1.0,15.0,5.0,762.0
92,1.0,15.0,5.0,754.0
105,1.0,15.0,5.0,760.0
119,1.0,15.0,5.0,736.0
131,1.0,15.0,5.0,806.2009999967704
150,1.0,15.0,5.0,740.2049999986193
155,1.0,15.0,5.0,779.1839999875519
156,1.0,15.0,5.0,800.7909999949916
165,1.0,15.0,5.0,785.4959999918356
191,1.0,15.0,5.0,904.7879999999714
202,1.0,15.0,5.0,1013.0219999999972
220,1.0,15.0,5.0,978.6969999999856
223,1.0,15.0,5.0,814.3309999999765
239,1.0,15.0,5.0,789.1320000000414
241,1.0,15.0,5.0,583.2530000000115
248,1.0,15.0,5.0,822.5209999999788
264,1.0,15.0,5.0,690.2980000000098
288,1.0,15.0,5.0,675.2390000000014
289,1.0,15.0,5.0,649.1489999999176
317,1.0,15.0,5.0,696.0
320,1.0,15.0,5.0,650.0
331,1.0,15.0,5.0,555.0
347,1.0,15.0,5.0,609.0
356,1.0,15.0,5.0,957.0
362,1.0,15.0,5.0,1088.344000005949
368,1.0,15.0,5.0,895.2299999940442
390,1.0,15.0,5.0,988.0819999999948
394,1.0,15.0,5.0,1020.4759999999952
405,1.0,15.0,5.0,865.2000000029802
428,1.0,15.0,5.0,871.0000000000291
429,1.0,15.0,5.0,931.0
450,1.0,15.0,5.0,848.0
460,1.0,15.0,5.0,1338.0
465,1.0,15.0,5.0,1203.0
491,1.0,15.0,5.0,776.0
510,1.0,15.0,5.0,975.0
519,1.0,15.0,5.0,744.0
534,1.0,15.0,5.0,1011.0
536,1.0,15.0,5.0,884.0
551,1.0,15.0,5.0,946.0
574,1.0,15.0,5.0,895.0
581,1.0,15.0,5.0,944.0
587,1.0,15.0,5.0,1004.0
593,1.0,15.0,5.0,766.0
612,1.0,15.0,5.0,871.1449999955366
614,1.0,15.0,5.0,900.5489999970305
635,1.0,15.0,5.0,974.7230000014824
645,1.0,15.0,5.0,1158.9370000000054
651,1.0,15.0,5.0,1650.4150000014924
663,1.0,15.0,5.0,1024.0
664,1.0,15.0,5.0,1098.0
667,1.0,15.0,5.0,1286.0
675,1.0,15.0,5.0,843.0
678,1.0,15.0,5.0,974.0
721,1.0,15.0,5.0,1292.0
725,1.0,15.0,5.0,1104.0
736,1.0,15.0,5.0,793.0
737,1.0,15.0,5.0,833.0
763,1.0,15.0,5.0,761.0000000000582
786,1.0,15.0,5.0,844.2630000000063
811,1.0,15.0,5.0,1052.4159999999392
816,1.0,15.0,5.0,1291.3639999999723
820,1.0,15.0,5.0,1496.954000000027
825,1.0,15.0,5.0,1002.0080000000308
841,1.0,15.0,5.0,1390.5450000008568
851,1.0,15.0,5.0,865.718000002802
852,1.0,15.0,5.0,981.036999997028
872,1.0,15.0,5.0,844.2580000044836
897,1.0,15.0,5.0,948.0900000010442
905,1.0,15.0,5.0,1120.0
927,1.0,15.0,5.0,988.0
942,1.0,15.0,5.0,761.0
943,1.0,15.0,5.0,1096.0
946,1.0,15.0,5.0,872.0
977,1.0,15.0,5.0,715.0449999886623
995,1.0,15.0,5.0,733.2840000012948
1014,1.0,15.0,5.0,849.6580000157119
1015,1.0,15.0,5.0,807.6110000310291
1018,1.0,15.0,5.0,851.0269999943266
1023,1.0,15.0,5.0,1189.745
1024,1.0,15.0,5.0,888.599
1025,1.0,15.0,5.0,925.0809999
1045,1.0,15.0,5.0,648.1089999
1047,1.0,15.0,5.0,999.958
1085,1.0,15.0,5.0,1167.084
1095,1.0,15.0,5.0,1287.567
1110,1.0,15.0,5.0,864.765
1111,1.0,15.0,5.0,870.801
1139,1.0,15.0,5.0,984.554
1152,1.0,15.0,5.0,1090.3349999789862
1162,1.0,15.0,5.0,1047.025000047317
1191,1.0,15.0,5.0,1046.421000046801
1192,1.0,15.0,5.0,1969.6100000612787
1194,1.0,15.0,5.0,1018.0220000317496
1202,1.0,15.0,5.0,1626.5059999940277
1204,1.0,15.0,5.0,1705.1419999985085
1214,1.0,15.0,5.0,1143.0949999985169
1240,1.0,15.0,5.0,1439.4579999955022
1251,1.0,15.0,5.0,1141.332999998529
1285,1.0,15.0,5.0,944.5129999862402
1286,1.0,15.0,5.0,1157.1719999760537
1299,1.0,15.0,5.0,953.0599999913828
1312,1.0,15.0,5.0,886.3339999880991
1313,1.0,15.0,5.0,947.8779999776452
1341,1.0,15.0,5.0,1003.946000000753
1343,1.0,15.0,5.0,887.9790000007488
1347,1.0,15.0,5.0,983.0190000011062
1352,1.0,15.0,5.0,1025.7900000003865
1357,1.0,15.0,5.0,1133.747000001109
1381,1.0,15.0,5.0,1060.454000000027
1382,1.0,15.0,5.0,856.0720000002184
1402,1.0,15.0,5.0,779.8120000000927
1420,1.0,15.0,5.0,1259.0460000000894
1438,1.0,15.0,5.0,1049.8610000000915
1441,1.0,15.0,5.0,1525.4069999627536
1443,1.0,15.0,5.0,1314.700000042547
1462,1.0,15.0,5.0,1334.2739999213954
1484,1.0,15.0,5.0,1162.775999921461
1497,1.0,15.0,5.0,943.25000004092
1,1.0,15.0,7.0,1279.0
19,1.0,15.0,7.0,1163.0
29,1.0,15.0,7.0,1152.0
33,1.0,15.0,7.0,1482.0
38,1.0,15.0,7.0,765.0
71,1.0,15.0,7.0,805.0
72,1.0,15.0,7.0,812.0
91,1.0,15.0,7.0,983.0
96,1.0,15.0,7.0,812.0000000000291
117,1.0,15.0,7.0,679.0000000000291
146,1.0,15.0,7.0,678.7639999888197
152,1.0,15.0,7.0,905.5509999865316
170,1.0,15.0,7.0,1149.478999998246
175,1.0,15.0,7.0,842.8459999884362
176,1.0,15.0,7.0,1099.168999991729
184,1.0,15.0,7.0,1099.6509999999837
187,1.0,15.0,7.0,1118.002999999997
204,1.0,15.0,7.0,1622.8940000000002
231,1.0,15.0,7.0,1019.6799999999348
238,1.0,15.0,7.0,836.7740000000922
247,1.0,15.0,7.0,914.7309999999708
253,1.0,15.0,7.0,1059.0069999999832
261,1.0,15.0,7.0,598.6139999999432
281,1.0,15.0,7.0,846.1560000000463
299,1.0,15.0,7.0,1196.211999999941
302,1.0,15.0,7.0,841.0
315,1.0,15.0,7.0,959.0
333,1.0,15.0,7.0,713.0
341,1.0,15.0,7.0,1115.0000000000146
346,1.0,15.0,7.0,546.0
366,1.0,15.0,7.0,1025.0720000029833
378,1.0,15.0,7.0,1181.4399999970335
383,1.0,15.0,7.0,811.4349999999977
391,1.0,15.0,7.0,1165.2919999940495
396,1.0,15.0,7.0,1173.6569999970088
439,1.0,15.0,7.0,994.0
457,1.0,15.0,7.0,841.0
466,1.0,15.0,7.0,1065.0
475,1.0,15.0,7.0,1038.0000000000582
478,1.0,15.0,7.0,1195.0
487,1.0,15.0,7.0,929.0
492,1.0,15.0,7.0,1079.0
516,1.0,15.0,7.0,649.0
517,1.0,15.0,7.0,1103.000000000029
529,1.0,15.0,7.0,1200.0
556,1.0,15.0,7.0,1098.0
563,1.0,15.0,7.0,1022.0
577,1.0,15.0,7.0,1064.0
589,1.0,15.0,7.0,1142.0
598,1.0,15.0,7.0,894.0
604,1.0,15.0,7.0,1196.1520000014862
616,1.0,15.0,7.0,909.06700000001
626,1.0,15.0,7.0,960.4920000014828
627,1.0,15.0,7.0,929.5419999985024
658,1.0,15.0,7.0,1088.8010000000068
662,1.0,15.0,7.0,1205.0
669,1.0,15.0,7.0,1172.0
682,1.0,15.0,7.0,1154.0
700,1.0,15.0,7.0,946.0
717,1.0,15.0,7.0,936.0
733,1.0,15.0,7.0,1070.0
754,1.0,15.0,7.0,936.0
757,1.0,15.0,7.0,903.0
769,1.0,15.0,7.0,915.0
774,1.0,15.0,7.0,949.0000000000582
785,1.0,15.0,7.0,1289.996999999974
795,1.0,15.0,7.0,1085.5200000000186
801,1.0,15.0,7.0,1185.3979999999865
819,1.0,15.0,7.0,710.6749999999302
823,1.0,15.0,7.0,1348.6590000001015
869,1.0,15.0,7.0,1038.6419999986538
875,1.0,15.0,7.0,1770.1890000051644
879,1.0,15.0,7.0,821.9900000056659
881,1.0,15.0,7.0,1306.0700000020734
886,1.0,15.0,7.0,1171.0879999985627
913,1.0,15.0,7.0,1266.0
937,1.0,15.0,7.0,1544.0
939,1.0,15.0,7.0,1152.999999999971
956,1.0,15.0,7.0,887.0
957,1.0,15.0,7.0,1368.0
961,1.0,15.0,7.0,791.3909999946773
963,1.0,15.0,7.0,1001.0390000297048
966,1.0,15.0,7.0,726.5970000165398
978,1.0,15.0,7.0,1005.8119999849296
990,1.0,15.0,7.0,739.9030000336352
1048,1.0,15.0,7.0,1149.6
1049,1.0,15.0,7.0,923.4369999
1053,1.0,15.0,7.0,949.881
1060,1.0,15.0,7.0,783.467
1072,1.0,15.0,7.0,797.8169998
1080,1.0,15.0,7.0,1050.884
1087,1.0,15.0,7.0,904.006
1116,1.0,15.0,7.0,1435.102
1119,1.0,15.0,7.0,1336.658
1128,1.0,15.0,7.0,1002.778
1143,1.0,15.0,7.0,1917.568999976418
1159,1.0,15.0,7.0,1087.257000042693
1163,1.0,15.0,7.0,1377.614000001122
1168,1.0,15.0,7.0,1173.9089999627904
1175,1.0,15.0,7.0,1005.8100000121776
1201,1.0,15.0,7.0,1620.6630000000005
1208,1.0,15.0,7.0,1322.979999998497
1228,1.0,15.0,7.0,1206.9279999970167
1231,1.0,15.0,7.0,1126.7679999940449
1232,1.0,15.0,7.0,1130.2899999955262
1263,1.0,15.0,7.0,1061.864999975136
1282,1.0,15.0,7.0,1230.8659999934753
1294,1.0,15.0,7.0,1010.3099999946426
1317,1.0,15.0,7.0,1029.043999974674
1318,1.0,15.0,7.0,1152.81299998716
1329,1.0,15.0,7.0,1053.310999999987
1342,1.0,15.0,7.0,956.3240000014775
1344,1.0,15.0,7.0,1046.084999999992
1346,1.0,15.0,7.0,981.4090000000142
1375,1.0,15.0,7.0,970.3229999999749
1396,1.0,15.0,7.0,1257.1400000000722
1398,1.0,15.0,7.0,984.9210000000894
1404,1.0,15.0,7.0,1049.4420000001846
1421,1.0,15.0,7.0,865.2660000001197
1424,1.0,15.0,7.0,894.035000000149
1454,1.0,15.0,7.0,1425.9279999865976
1459,1.0,15.0,7.0,1213.0410000171396
1463,1.0,15.0,7.0,1473.0870000400755
1480,1.0,15.0,7.0,1235.2700000508048
1496,1.0,15.0,7.0,1568.4310000011465
